"原始相对路径","归档分组","归档路径","字节数","SHA256"
"批次_20260929_第二批选题与核对.md","批次记录\第02批","批次记录\第02批\原始分件\批次_20260929_第二批选题与核对.md","3470","7143C408D76AB13D022B39A2585640FD835959AE45E5CE09D73796A0D912340F"
"批次_20260929_第三批协调.txt","批次记录\第03批","批次记录\第03批\原始分件\批次_20260929_第三批协调.txt","332811","740E70FEBF14B6A1F3507404B7173A18783575ED021C904CB0567065EC0FCF00"
"批次_20260929_第三批选题与核对.md","批次记录\第03批","批次记录\第03批\原始分件\批次_20260929_第三批选题与核对.md","3063","9BF316E1910CD800B14E652DF383133B4A49D9276C56B1ECE57107E439900373"
"批次_20260929_第四批协调.txt","批次记录\第04批","批次记录\第04批\原始分件\批次_20260929_第四批协调.txt","211312","109F7A4594E68F3824C443B79AA7A20A7233B1C3850E24EDF4E9F0AD840A2C7C"
"批次_20260929_第四批选题与核对.md","批次记录\第04批","批次记录\第04批\原始分件\批次_20260929_第四批选题与核对.md","2816","9C1949E5AA4C15982A883E866A5D102575CAB1E3D907F433E49ED163032AFFCA"
"批次_20260929_第五批协调.txt","批次记录\第05批","批次记录\第05批\原始分件\批次_20260929_第五批协调.txt","47356","0DD1C916D9F8F85002015A2549D00FB750AF402F9259537D12811A6164DECB37"
"批次_20260929_第五批选题与核对.md","批次记录\第05批","批次记录\第05批\原始分件\批次_20260929_第五批选题与核对.md","4653","0FFA157BBCDD5ABA0CB73577839E400B7529CB0B311CFA2219522395E1AF6D23"
"批次_20260929_第六批协调.txt","批次记录\第06批","批次记录\第06批\原始分件\批次_20260929_第六批协调.txt","22802","5932073FE31256E8B0369E01A6F75608D98085E3DABD54E36CD6F5E61ABC697F"
"批次_20260929_第六批选题与核对.md","批次记录\第06批","批次记录\第06批\原始分件\批次_20260929_第六批选题与核对.md","4419","1BB7D55B7347FA90E5BEADBDC03C0D1621C4CFEDCC3569690BB86F9F3326ABE7"
"提交核验_20260929_第六批.md","批次记录\第06批","批次记录\第06批\原始分件\提交核验_20260929_第六批.md","1227","9FC50AD1351F6B8AD14D07BB71A82F49203929432414DC07E7E4D1ED0EC0E7F1"
"提交记录_20260929_第六批.txt","批次记录\第06批","批次记录\第06批\原始分件\提交记录_20260929_第六批.txt","32331","5A198C9C9467EBC0DC4D870403B98CBB7685C3EEFF29A4512F9E19C28667A6F8"
"批次_20260929_第七批平台核对.md","批次记录\第07批","批次记录\第07批\原始分件\批次_20260929_第七批平台核对.md","3482","768D206774BED330E32C5E313FAB148E0CC34F678FA85E6571EE1E02431F9668"
"批次_20260929_第七批协调.txt","批次记录\第07批","批次记录\第07批\原始分件\批次_20260929_第七批协调.txt","157631","F054417E981DA0D44F4D40541E517124F56F41D8F692B93822EEE6F460DA7B46"
"第八批_后续校对_20260929.txt","批次记录\第08批","批次记录\第08批\原始分件\第八批_后续校对_20260929.txt","17627","B577C8F9B3AC4869024F0AE41B6D6EA8869F1B476491694237FBD859A25A4528"
"提交核验_20260929_第八批.md","批次记录\第08批","批次记录\第08批\原始分件\提交核验_20260929_第八批.md","3598","2BADBBA0435DC42084BE1E9003F5A35161BC39852AD378FC48E20FBFF80CD920"
"第九批_候选与附件盘点_20260929.txt","批次记录\第09批","批次记录\第09批\原始分件\第九批_候选与附件盘点_20260929.txt","18732","7891CB3EE52965160117B526B85C75501C4C4AA894BE47E7CB808E962C9D42AA"
"批次_20260929_第九批题目确认.md","批次记录\第09批","批次记录\第09批\原始分件\批次_20260929_第九批题目确认.md","3420","DBA0179F5903F92BDA3F69407A1BA71856A1E39218600941EEC426FE79343F33"
"提交核验_20260929_第九批.md","批次记录\第09批","批次记录\第09批\原始分件\提交核验_20260929_第九批.md","3276","7538FC774A9885A7C1899C1F37D15789D900B94E82F9C5A421994422C81FC9CD"
"第十批_附件归档_20260929.txt","批次记录\第10批","批次记录\第10批\原始分件\第十批_附件归档_20260929.txt","3288","B842BA60F3E435A09D78236FCEA6A3C181FFD3D4B55546EBC41D4DDECDE0A2A0"
"批次_20260929_第十批题目确认.md","批次记录\第10批","批次记录\第10批\原始分件\批次_20260929_第十批题目确认.md","2247","8117467A50D1EF8003D9FAF4C98F08E1999916FE4F276E64597C32D834819E2C"
"提交核验_20260929_第十批.md","批次记录\第10批","批次记录\第10批\原始分件\提交核验_20260929_第十批.md","2933","4CFE0972CC7F65F667FACA286917EE0FF94F2251160986A03DA135CC2B579C7B"
"批次_20260929_第十一批题目确认.md","批次记录\第11批","批次记录\第11批\原始分件\批次_20260929_第十一批题目确认.md","2024","36C1A6C815C1137673000169FC9E041847AFB559462D34A61EDDF5ACDC9FB96D"
"批次11_手册更新命令记录_20260929.txt","批次记录\第11批","批次记录\第11批\原始分件\批次11_手册更新命令记录_20260929.txt","24058","3CBDCC6E17757DF4F1B89DFB39D2395C0433F967414FBDAD06878DDF9A015BFE"
"提交核验_20260929_第十一批.md","批次记录\第11批","批次记录\第11批\原始分件\提交核验_20260929_第十一批.md","4029","47C08745EA1FC38055981A90060B3A1E6D800B9C08611B128825534EEC82C4DA"
"批次_20260929_第十二批题目确认.md","批次记录\第12批","批次记录\第12批\原始分件\批次_20260929_第十二批题目确认.md","3645","28F791A62C996CD040786ABD89AE1096D87773B32CFF9224B8D44FE23C2C3275"
"批次12_第二题通过后更新指南.ps1","批次记录\第12批","批次记录\第12批\原始分件\批次12_第二题通过后更新指南.ps1","12100","4714CAF0DF598E48DC327CAFEB96423FB0BD2E790F609935038F798F850819B7"
"批次12_附件查找_20260929.txt","批次记录\第12批","批次记录\第12批\原始分件\批次12_附件查找_20260929.txt","1255","9E075B945F07F8F0B1653B689AEF5B6381A2D7815ED062383A9B2684EF48D55F"
"批次12_附件归档_20260929.txt","批次记录\第12批","批次记录\第12批\原始分件\批次12_附件归档_20260929.txt","3551","EF87B1DFB2167B6A714080DC71719119C2DFA5883FCFB1F2059926E97F25B1A7"
"批次12_更新已接受题解.ps1","批次记录\第12批","批次记录\第12批\原始分件\批次12_更新已接受题解.ps1","5806","ECBA5CE0E77586339D083238C9FCCF77D09DC8A2656088A893721FFB207AD471"
"批次12_更新指南并确认题目.ps1","批次记录\第12批","批次记录\第12批\原始分件\批次12_更新指南并确认题目.ps1","14362","C38B3EA5765AFE5CFE32A268313EA1DB3A2637B21FC57342DC5950E9FF9B9181"
"批次12_提交核验与指南更新_20260929.txt","批次记录\第12批","批次记录\第12批\原始分件\批次12_提交核验与指南更新_20260929.txt","85352","69B80F6C61F1F0C5425D376199A7DA6BAE55BA8F507E17923A29F0654F49B65D"
"批次12_题目去重核查_20260929.txt","批次记录\第12批","批次记录\第12批\原始分件\批次12_题目去重核查_20260929.txt","1344","DA9FD0E9CA7223BD7337FEE5DD1103F8E0A861DF2F95804417DDDE5AD834535E"
"批次12_修正题目确认记录.ps1","批次记录\第12批","批次记录\第12批\原始分件\批次12_修正题目确认记录.ps1","4548","2DDF3A4AF0DF00FAA33C52EF12B70B52307556FC73A92D034D77B88CC5262704"
"批次12_指南更新命令记录_20260929.txt","批次记录\第12批","批次记录\第12批\原始分件\批次12_指南更新命令记录_20260929.txt","48397","C655E672947C07AB82BB7BB2248C2E4EC34219752E29E2A8DC7A423C70C4347E"
"提交核验_20260929_第十二批.md","批次记录\第12批","批次记录\第12批\原始分件\提交核验_20260929_第十二批.md","4603","17887BEF6FE58D5B4CF705A5B85E1CFBB305E1D2193745B614ADBF1CDA49337E"
"批次_20260929_第十三批题目确认.md","批次记录\第13批","批次记录\第13批\原始分件\批次_20260929_第十三批题目确认.md","2107","4A295D3F672534C1CC6EDBF9357A7707B6BE2AC71929E65733384ED143E2AFA3"
"批次13_附件查找_20260929.txt","批次记录\第13批","批次记录\第13批\原始分件\批次13_附件查找_20260929.txt","3656","A73448B6B6A662F354C7D76237798AAF76D2A7C7E70002F6E0275AD593BF8B33"
"批次13_附件归档_20260929.txt","批次记录\第13批","批次记录\第13批\原始分件\批次13_附件归档_20260929.txt","18205","0DF3BB3F6265A67A4F5B43757547C42C702A96D2837B11AF54CB8DAF6868CA77"
"批次13_归档附件.ps1","批次记录\第13批","批次记录\第13批\原始分件\批次13_归档附件.ps1","3989","1215CE042103D727B432D5C6EE2C485427D333102D630BBC01E9238BADD3D703"
"批次13_提交核验_20260929.txt","批次记录\第13批","批次记录\第13批\原始分件\批次13_提交核验_20260929.txt","170624","2A5D5FD32A82332B19DD509BBE17EC0B41EE7CB60F9106A9247F962971945212"
"批次13_提交准备检查_20260929.txt","批次记录\第13批","批次记录\第13批\原始分件\批次13_提交准备检查_20260929.txt","83266","29AAAAD268FBEB29BD1E86CA65EA1178401937F91627544DCEDE362F0F2C96AB"
"批次13_修正选题记录.ps1","批次记录\第13批","批次记录\第13批\原始分件\批次13_修正选题记录.ps1","2813","6537899C52A835A753A62C0DCD839416F3E0F7E933BDC6CA328C5460E6882ED0"
"批次13_选题修复_20260929.txt","批次记录\第13批","批次记录\第13批\原始分件\批次13_选题修复_20260929.txt","9417","8D4F2C3A78403E7C50044FD478C2BC38EA0AB99E28B3CD7AE7599CF3F516F521"
"提交核验_20260929_第十三批.md","批次记录\第13批","批次记录\第13批\原始分件\提交核验_20260929_第十三批.md","2231","B9EC77DA049724C2A651437923B822BCCE5EF77DC926230C604FE16F932FB15D"
"批次14_561_调查记录.txt","批次记录\第14批","批次记录\第14批\原始分件\批次14_561_调查记录.txt","88675","F533CF01AA2952AB0553BA86235494578A4B4FCF26E9C867BACA9F3A21076DDC"
"批次14_临时文件清理_拦截记录.md","批次记录\第14批","批次记录\第14批\原始分件\批次14_临时文件清理_拦截记录.md","1108","35B297A25EBDA7603F02DAE47EBF0F9EB81F6F47B1502D14D95D39196E935B95"
"批次14_文档核验_2.txt","批次记录\第14批","批次记录\第14批\原始分件\批次14_文档核验_2.txt","18667","814F4016A5D3892D82B453A1CCEE28BF6EFD7CCA61FF8F564FD272BF4EFFACA3"
"批次14_文档核验.txt","批次记录\第14批","批次记录\第14批\原始分件\批次14_文档核验.txt","1893","7361A4E36D2693CB5C3CB9E813DAD715735FA8F9833BC36B3D060D9D86746E5F"
"批次14_最终核验.txt","批次记录\第14批","批次记录\第14批\原始分件\批次14_最终核验.txt","12789","A8BF8139F1C0C8CC1EF6C712BFCAC97911F45A975706AD0DACA759DEED3E0FBB"
"批次15_选题核验_20260929.md","批次记录\第15批","批次记录\第15批\原始分件\批次15_选题核验_20260929.md","979","EC63AE404457A9DB25FFA89139C7CEB33D06AC89559856C1A73630BC8A39EB40"
"批次15_选题与附件核验_20260929.txt","批次记录\第15批","批次记录\第15批\原始分件\批次15_选题与附件核验_20260929.txt","18357","9DB05434BE46AB8FA42A086A1055BDCF569C740F7CDC49418FF9C3645433DC04"
"批次_20260929_继续协调.txt","批次记录\综合协调","批次记录\综合协调\原始分件\批次_20260929_继续协调.txt","200368","D6E521423E8D4CE9EE81D8344122136C95B2D7696156176EDC54853F71616B57"
"批次_20260929_题目切换记录.md","批次记录\综合协调","批次记录\综合协调\原始分件\批次_20260929_题目切换记录.md","3725","DE6A31D5CBB46D3ACA2F3062B3F9EDCA4BEA372B4CD855DE10CC5CCA7AF40C69"
"批次_20260929_选题与本地资料核对.txt","批次记录\综合协调","批次记录\综合协调\原始分件\批次_20260929_选题与本地资料核对.txt","2736072","2EAF9FD949E96FAA87210C3019E9277F7FC6BD9151B6D1AC2DAB759F3C46D795"
"新批次-主线程终端记录.txt","批次记录\综合协调","批次记录\综合协调\原始分件\新批次-主线程终端记录.txt","14300","256B2B48FFE777502F52012C0C6795AC1170A8322D7F6E368A62AFDA6271A5FC"
"续攻-主线程终端记录.txt","批次记录\综合协调","批次记录\综合协调\原始分件\续攻-主线程终端记录.txt","65566","2C236B0D3F67219939C6B778E0F77E838097DA76933B6EE661CF312CC00F02CB"
"新题批次_450_附件分析.txt","题目记录\安全事件响应\450_Sql注入的应急排查","题目记录\安全事件响应\450_Sql注入的应急排查\原始分件\新题批次_450_附件分析.txt","6293","3E6EF9263DD637D4A3563F807FA1AE067E8715B857A89CB95D6EFC24D18569D6"
"新题批次_451_附件分析.txt","题目记录\安全事件响应\451_被入侵的数据库","题目记录\安全事件响应\451_被入侵的数据库\原始分件\新题批次_451_附件分析.txt","37987","61F2D63CDD4664592989DFE9024A3BDC3867A26ACCE1FA9484DF1EBE33E026C5"
"第九届XCTF-Tch3s-解题记录.md","题目记录\密码学\286_Tch3s","题目记录\密码学\286_Tch3s\原始分件\第九届XCTF-Tch3s-解题记录.md","5506","F56321EDF7B5EF9807F3C749B8F618A93644AE1888FD1B82B5E233765877BC91"
"2025鹏城杯-babyRSA-解题记录.md","题目记录\密码学\358_babyRSA","题目记录\密码学\358_babyRSA\原始分件\2025鹏城杯-babyRSA-解题记录.md","4156","D8DDC4A59A810F8042A15ED052538109BDDB164A7CE7FEE1E1A75E8F273EB5C8"
"代理-520-附件普查及公式验证.txt","题目记录\密码学\520_DigitalKey_UWB","题目记录\密码学\520_DigitalKey_UWB\原始分件\代理-520-附件普查及公式验证.txt","72789","B11603452A78FB0897BFB36C078E403B13644B8EA1584A441CA859BAD77EE3F1"
"Digital Key UWB-520-WP草稿.md","题目记录\密码学\520_DigitalKey_UWB","题目记录\密码学\520_DigitalKey_UWB\原始分件\Digital Key UWB-520-WP草稿.md","9305","F93F109D936412EADB0A993EF4BAD73BCEC91717E5DB4B6B2D0BCF61293B26FE"
"DigitalKey_UWB_520-分析.txt","题目记录\密码学\520_DigitalKey_UWB","题目记录\密码学\520_DigitalKey_UWB\原始分件\DigitalKey_UWB_520-分析.txt","14594","2DD4E3C91B2E38C77EC687432DC3730DF585908AD6C0D306B96C82AB53C28E30"
"2024铁人三项决赛-CTFRE-crazyaes-解题记录.md","题目记录\逆向工程\081_crazyaes","题目记录\逆向工程\081_crazyaes\原始分件\2024铁人三项决赛-CTFRE-crazyaes-解题记录.md","9467","D7E4E7DA41C329C1936899DA1922344144F7BD9D80A305C3EEA48CE7025BC9D8"
"代理-ezflag-367-公开题解复算.txt","题目记录\逆向工程\367_EzFlag","题目记录\逆向工程\367_EzFlag\原始分件\代理-ezflag-367-公开题解复算.txt","27852","181D5CF13B14F6E87AF2F5DCB19CE63AD927FC0DAACF6EE240F4831C3FB6AB95"
"新题批次_367_分析.txt","题目记录\逆向工程\367_EzFlag","题目记录\逆向工程\367_EzFlag\原始分件\新题批次_367_分析.txt","25952","A1EF6EB3A0EE662F31AA4008969F0D602E0F93907B1D4132758854131769E293"
"即随本心-解题记录.md","题目记录\逆向工程\528_即随本心","题目记录\逆向工程\528_即随本心\原始分件\即随本心-解题记录.md","7797","69C49E769853F8ACB8445A17D2F35DCCCA19943B22A4A41F491AC5A545F95025"
"续攻-ezBase-平台状态.png","题目记录\逆向工程\541_ezBase","题目记录\逆向工程\541_ezBase\证据\续攻-ezBase-平台状态.png","56053","4CEEBB3385A62559D454BD19EB1A84A74F5419B86E9DC8138BA19259FB1095CA"
"续攻-ezBase-终端记录.txt","题目记录\逆向工程\541_ezBase","题目记录\逆向工程\541_ezBase\原始分件\续攻-ezBase-终端记录.txt","164344","A127917B3D36E297FA43F9DFE978EE8FF9CC3ED3CF7F00C9D6B066CC60B0AA19"
"ezBase-分析过程记录.md","题目记录\逆向工程\541_ezBase","题目记录\逆向工程\541_ezBase\原始分件\ezBase-分析过程记录.md","7300","0D94F061438A4BE7A0D660DFDA6744A090247DF81D22AA81864C10601EA25B5E"
"代理-hookme-终端记录.txt","题目记录\逆向工程\542_hookme","题目记录\逆向工程\542_hookme\原始分件\代理-hookme-终端记录.txt","671460","7792056383D04A91D4AA4191DDCCEC24098363C217FEAA3C4720A95DC974A336"
"续攻-hookme-终端记录.txt","题目记录\逆向工程\542_hookme","题目记录\逆向工程\542_hookme\原始分件\续攻-hookme-终端记录.txt","87355","2413764DB474406832335E7A31FA8FC5B018CAE27BD8986C78752CF03DA6F047"
"hookme-分析过程记录.md","题目记录\逆向工程\542_hookme","题目记录\逆向工程\542_hookme\原始分件\hookme-分析过程记录.md","6717","457BDC065F9BF084931214D6D31ED4987526880EABA7FEAC607469C24531105B"
"代理-base-终端记录.txt","题目记录\逆向工程\543_Base","题目记录\逆向工程\543_Base\原始分件\代理-base-终端记录.txt","63134","266DD24D7C983025B76566890DFB25C377930DC5F79B3ACEAC8A34B8F8093F97"
"续攻-Base-终端记录_CTF根目录副本.txt","题目记录\逆向工程\543_Base","题目记录\逆向工程\543_Base\原始分件\续攻-Base-终端记录_CTF根目录副本.txt","5695","D7458911BF5D0496D1CC4EBEC44529F78C95196F2E9CA9BC9318E9654EC7C1BC"
"续攻-Base-终端记录.txt","题目记录\逆向工程\543_Base","题目记录\逆向工程\543_Base\原始分件\续攻-Base-终端记录.txt","132740","2F519E4C92C94FF968EFF27ADCD4C0804CB5017C683302BE483D6AD2D5394EA8"
"Base_543-分析过程记录.md","题目记录\逆向工程\543_Base","题目记录\逆向工程\543_Base\原始分件\Base_543-分析过程记录.md","6796","8D9EFA21BCE20A6627CF24D8ED5870CD1EA723E3EFA66D36D27E682D62FF4DA2"
"代理-PaluArray-独立复核终端记录.txt","题目记录\逆向工程\546_PaluArray","题目记录\逆向工程\546_PaluArray\原始分件\代理-PaluArray-独立复核终端记录.txt","61999","1E0C9724D17E5C42DE2354A2E1683FFD1532EE700A6BFDDE452BD63695AE564F"
"代理-PaluArray-终端记录.txt","题目记录\逆向工程\546_PaluArray","题目记录\逆向工程\546_PaluArray\原始分件\代理-PaluArray-终端记录.txt","92970","ECA6F3FA871262A83A17BC2D21C5CABE69C37D96D2530F9616AAC26FC348A142"
"代理-PaluArray-MD5复核终端记录.txt","题目记录\逆向工程\546_PaluArray","题目记录\逆向工程\546_PaluArray\原始分件\代理-PaluArray-MD5复核终端记录.txt","257885","AE4341BC48CA57CCD4872A1DBF73D6B9FEBE7096F85E393A81F7027996A7C8B2"
"限时攻关-PaluArray-终端记录.txt","题目记录\逆向工程\546_PaluArray","题目记录\逆向工程\546_PaluArray\原始分件\限时攻关-PaluArray-终端记录.txt","118698","5B3B89AEE81883AD4CAB0A8EAD5D5D298973A400D1F0C7E0868199F172E0E2A1"
"PositionalXOR_550-终端记录.txt","题目记录\逆向工程\550_PositionalXOR","题目记录\逆向工程\550_PositionalXOR\原始分件\PositionalXOR_550-终端记录.txt","10266","B370949B4587493FD007B3615756E16DACEC3A25695360AB0CE459626728818C"
"PositionalXOR_550-WP.md","题目记录\逆向工程\550_PositionalXOR","题目记录\逆向工程\550_PositionalXOR\原始分件\PositionalXOR_550-WP.md","10056","304A180BE1EE33E15302BF7729315D8A7D5600F59EBF8C53DC8AD2A01F46A421"
"新题批次_551_分析.txt","题目记录\逆向工程\551_PaluMaze","题目记录\逆向工程\551_PaluMaze\原始分件\新题批次_551_分析.txt","8754","71E92A6756CAB6C053E305F4C63DCFE2274C381E1A92EB1FA56D666F70DF3200"
"PaluMaze_551-补充平局分析.txt","题目记录\逆向工程\551_PaluMaze","题目记录\逆向工程\551_PaluMaze\原始分件\PaluMaze_551-补充平局分析.txt","3296","AA2B41E654A1AC8EA46C2DFA8B2598A21B189C119924FBECC1567FB2F906CD4B"
"PaluMaze_551-终端记录.txt","题目记录\逆向工程\551_PaluMaze","题目记录\逆向工程\551_PaluMaze\原始分件\PaluMaze_551-终端记录.txt","61681","0857A39B0C413CCC8A88A23EFDBF462EDA479F08EE58DB416B34CD568FF9A497"
"PaluMaze_551-fresh-static.txt","题目记录\逆向工程\551_PaluMaze","题目记录\逆向工程\551_PaluMaze\原始分件\PaluMaze_551-fresh-static.txt","47665","4E46F3D3EE0AC49E913CAB4B1D801D27112CDA58635BB041B38DF6AA6517D583"
"PaluMaze_551-public-page-research.txt","题目记录\逆向工程\551_PaluMaze","题目记录\逆向工程\551_PaluMaze\原始分件\PaluMaze_551-public-page-research.txt","22061","B9638E44F588945BE26658C851A900C4646C5CB3237D1F0070130104F135AA4E"
"PaluMaze_551-WP.md","题目记录\逆向工程\551_PaluMaze","题目记录\逆向工程\551_PaluMaze\原始分件\PaluMaze_551-WP.md","6991","28839A8FA8FB8401469A5A388E741F92887C7B1AE24DEC087B85041C05512A83"
"tradre-分析过程记录.md","题目记录\逆向工程\554_tradre","题目记录\逆向工程\554_tradre\原始分件\tradre-分析过程记录.md","6680","54A18FB6B40E7AF6F353DC6AD91A60BACDA42517A492BFD76C10102E008ECBA7"
"Victory_Melody_555-终端记录.txt","题目记录\逆向工程\555_Victory_Melody","题目记录\逆向工程\555_Victory_Melody\原始分件\Victory_Melody_555-终端记录.txt","62310","D996EF739C05634A9CB8FB2F7D2BFEACAA7C6E789CDF62E8EBC2F84B4AB4142C"
"Victory_Melody_555-WP.md","题目记录\逆向工程\555_Victory_Melody","题目记录\逆向工程\555_Victory_Melody\原始分件\Victory_Melody_555-WP.md","7336","4DF72F0F3C4B25589E710EF61EB6E8079CE094028C07F0D2301FC61F3F5D1C9F"
"代理-go_for_it-终端记录.txt","题目记录\逆向工程\556_go_for_it","题目记录\逆向工程\556_go_for_it\原始分件\代理-go_for_it-终端记录.txt","1730301","895694535DDDF03AF93A474DBA8F0A425C7BB8E79324225C476B8119D746BEB1"
"ui_event_append.txt","题目记录\逆向工程\556_go_for_it","题目记录\逆向工程\556_go_for_it\原始分件\ui_event_append.txt","1922","C94C884AD8F7DD2E1C7C125D218C083B4A52F980A01D3AA34EE31F049BD318E0"
"代理-arkt-终端记录.txt","题目记录\逆向工程\559_OpenHarmony_arkt","题目记录\逆向工程\559_OpenHarmony_arkt\原始分件\代理-arkt-终端记录.txt","138025","71660C32E09E3AE99B114968AF254916A18BA88F7BE07434F15F761179F09251"
"代理-easyre-终端记录.txt","题目记录\逆向工程\560_OpenHarmony_easyre","题目记录\逆向工程\560_OpenHarmony_easyre\原始分件\代理-easyre-终端记录.txt","74518","7578C74F87FF7925432563C8BEE194950D0A9DE6786C9663D6D33305E5BA6726"
"截图\easyre_560_platform_accepted_20260929.png","题目记录\逆向工程\560_OpenHarmony_easyre","题目记录\逆向工程\560_OpenHarmony_easyre\证据\easyre_560_platform_accepted_20260929.png","176107","A39834824864EF7FA0B2E2DB292FDEB03F410C341B6586C39F15863849B835BD"
"代理-secret-终端记录.txt","题目记录\逆向工程\561_OpenHarmony_secret","题目记录\逆向工程\561_OpenHarmony_secret\原始分件\代理-secret-终端记录.txt","140076","6FCC1E4BE1C62428CE7B26C84DD6F1D471A343416B7B10E6C3BD3322815F74CC"
"代理-note-终端记录.txt","题目记录\逆向工程\563_note","题目记录\逆向工程\563_note\原始分件\代理-note-终端记录.txt","58949","FB938B8D9AF28ED8006EACBF051A9D02DD17C3D93882094E8A2D1C4626BE782A"
"代理-Rainbow-终端记录.txt","题目记录\逆向工程\564_rainbow","题目记录\逆向工程\564_rainbow\原始分件\代理-Rainbow-终端记录.txt","25148","B61585CAC2AF7C5D35F841F07DC0B9FE22B9835613F891BA9AA111732DACEE05"
"Veiled Shell-解题记录.md","题目记录\杂项与数字取证\580_Veiled_Shell","题目记录\杂项与数字取证\580_Veiled_Shell\原始分件\Veiled Shell-解题记录.md","8621","EA0BB8FBD164AE27F876ACAD668CB50C439E577288D99B8399687640F1AD9993"
"代理-Pixel-终端记录.txt","题目记录\杂项与数字取证\583_像素囚笼1","题目记录\杂项与数字取证\583_像素囚笼1\原始分件\代理-Pixel-终端记录.txt","115247","34F5B4B7F140A66EFA5F5402432E264DC9740FC50DC6F16D3C0E7FC43EE86610"
"限时攻关-Pixel-终端记录.txt","题目记录\杂项与数字取证\583_像素囚笼1","题目记录\杂项与数字取证\583_像素囚笼1\原始分件\限时攻关-Pixel-终端记录.txt","151587","94F9E20510A3B57F8AB718882FBFA812D852C7FB960595197F2C218E71394DEE"
"像素囚笼1-解题记录.md","题目记录\杂项与数字取证\583_像素囚笼1","题目记录\杂项与数字取证\583_像素囚笼1\原始分件\像素囚笼1-解题记录.md","39533","0D2160DBD1039EFA5928E1B733F94D1385DAA1E61518DCECE050C3C27337CE8F"
"续攻-Pixel交叉检查.txt","题目记录\杂项与数字取证\583_像素囚笼1","题目记录\杂项与数字取证\583_像素囚笼1\原始分件\续攻-Pixel交叉检查.txt","45384","F15589A2DE2029C355798D2661D6C9083928E659088F30B73D3D03F12678555B"
"2026安网杯-可疑流量分析-解题记录.md","题目记录\杂项与数字取证\584_可疑流量分析","题目记录\杂项与数字取证\584_可疑流量分析\原始分件\2026安网杯-可疑流量分析-解题记录.md","4116","6172774DBF18FFF56EC187E722E39D7F2B43F27A09CB499CC19E0BE9563F3D6B"
"可疑流量分析-终端REPL补充记录.md","题目记录\杂项与数字取证\584_可疑流量分析","题目记录\杂项与数字取证\584_可疑流量分析\原始分件\可疑流量分析-终端REPL补充记录.md","5712","B8FEB5877C3FB645A6E79A4CEB8C2683E510E731826C333902A684AEC2FBCB3F"
"2026安网杯-班次邮戳-解题记录.md","题目记录\杂项与数字取证\585_班次邮戳","题目记录\杂项与数字取证\585_班次邮戳\原始分件\2026安网杯-班次邮戳-解题记录.md","6399","7B7DE91079C888D5A25D44D86A08B9D3A820146763896AF87AEF01088502B4AC"
"班次邮戳-终端命令与输出回溯.md","题目记录\杂项与数字取证\585_班次邮戳","题目记录\杂项与数字取证\585_班次邮戳\原始分件\班次邮戳-终端命令与输出回溯.md","10385","D59E1C58CFA72F7A955F3B7ECD2F73A62D3AB92BA0C3885279CA018BAB3430A0"
"2026安网杯-Prompt Trace-解题记录.md","题目记录\AI与数据\590_Prompt_Trace","题目记录\AI与数据\590_Prompt_Trace\原始分件\2026安网杯-Prompt Trace-解题记录.md","5584","B5B445628E010B1596CA8B44BDAFD0257193BACAF5FF67889C884AC61DE28C37"
"繁体资料目录_WP_附件盘点_20260929.txt","项目记录\附件与WP盘点","项目记录\附件与WP盘点\原始分件\繁体资料目录_WP_附件盘点_20260929.txt","3678","026C5189339955386539C0CA75A65CE5A817245436FE68F601778FB040282F89"
"附件_WP_本地盘点_20260929.txt","项目记录\附件与WP盘点","项目记录\附件与WP盘点\原始分件\附件_WP_本地盘点_20260929.txt","86040","DD63F91640FC3871802D2D70B32DD1E21F9FDB15E18FFC62F16739594EFA0431"
"附件_WP_补查_20260929.txt","项目记录\附件与WP盘点","项目记录\附件与WP盘点\原始分件\附件_WP_补查_20260929.txt","17073","8DB4B05B215990A90CC19763104C52C27E39EFED8D5D36E9C023AD97DED683D6"
"附件_WP_审计报告生成_20260929.txt","项目记录\附件与WP盘点","项目记录\附件与WP盘点\原始分件\附件_WP_审计报告生成_20260929.txt","6603","96E78C15B070F09615737365D3CD2D8D4F29DB52A259EC42B143A166A8A72B3C"
"附件_WP_专项文件定位_20260929.txt","项目记录\附件与WP盘点","项目记录\附件与WP盘点\原始分件\附件_WP_专项文件定位_20260929.txt","18714","D96427631851728D1D44BD9C08D5DF77131325EAFDEE89B234AA7114DC30E3F0"
"附件与WP核对报告_20260929.md","项目记录\附件与WP盘点","项目记录\附件与WP盘点\原始分件\附件与WP核对报告_20260929.md","4919","0A0F14A95358CFB73BD9DE5CD0E6A5497E4C42C081EB0A63AA88ED103D7FA5EB"
"近期ZIP内部清单核验_20260929.txt","项目记录\附件与WP盘点","项目记录\附件与WP盘点\原始分件\近期ZIP内部清单核验_20260929.txt","7893","5FB188285EAC7573B900780F3E2C61E8B303CC0BEA5D1F1BCFB3028A23126790"
"批次2_450_451-资料检查.txt","项目记录\附件与WP盘点","项目记录\附件与WP盘点\原始分件\批次2_450_451-资料检查.txt","9025","159C24E49299D565D8AAD543F8E9876C143B5D74535CAEC82BACE57D98E66051"
"完成徽标题_缺口检索_20260929.txt","项目记录\附件与WP盘点","项目记录\附件与WP盘点\原始分件\完成徽标题_缺口检索_20260929.txt","28145","57AF04AC345D922B4572AB45E205ACE90EF23BE0D8DEC0C78DCFB660827CC037"
"下载目录附件补查_20260929.txt","项目记录\附件与WP盘点","项目记录\附件与WP盘点\原始分件\下载目录附件补查_20260929.txt","18158","1A62813F1BCBF1AF9983BB1FCE44878CEB4F71AB3B16AAE4411971AC970F0D65"
"已完成51题附件WP核查_本地目录摘要.txt","项目记录\附件与WP盘点","项目记录\附件与WP盘点\原始分件\已完成51题附件WP核查_本地目录摘要.txt","14601","71292E56EEC95F46B74A371E202B96B7229F3795140AB8DFFF19111F4DD4583F"
"已完成51题附件WP核查_终端记录.txt","项目记录\附件与WP盘点","项目记录\附件与WP盘点\原始分件\已完成51题附件WP核查_终端记录.txt","1858","E7DAF0AD52376FCF75FC23587A3E9A7206503AC08028EB38820109D5577C66D5"
"易遗漏扩展名及WP全局盘点_20260929.txt","项目记录\附件与WP盘点","项目记录\附件与WP盘点\原始分件\易遗漏扩展名及WP全局盘点_20260929.txt","10541","A96BE07251E756A35C315637B463852A334BE55465282CF82890335CE3761E74"
"CCB附件压缩包内容核验_20260929.txt","项目记录\附件与WP盘点","项目记录\附件与WP盘点\原始分件\CCB附件压缩包内容核验_20260929.txt","3334","4BAF1EFE8A6F54AB73BB0133A1253D119B450C93D845257F1B80F7C69A1C72C6"
"代理-WP补全-子代理B.txt","项目记录\跨题WP补全","项目记录\跨题WP补全\原始分件\代理-WP补全-子代理B.txt","9928","0FB6DC61914AD6F8C3DE142DEB0A907EA6C8D49729D1B87C7A872F8AE8A9C215"
"子代理B_WP草稿.md","项目记录\跨题WP补全","项目记录\跨题WP补全\原始分件\子代理B_WP草稿.md","12657","3CACD213AEBCE3EEEB68DDF0E4AFBCE127382D5A648AF06F280A1146896E99B6"
"WP补全-资料普查记录.txt","项目记录\跨题WP补全","项目记录\跨题WP补全\原始分件\WP补全-资料普查记录.txt","104397","AE7993662FF1E35643792E51608ACC5A9174C3C5EBC8F2641E40CCF4DCB9F08F"
"项目结构清理记录_20260929.txt","项目记录\项目整理与归档","项目记录\项目整理与归档\原始分件\项目结构清理记录_20260929.txt","54889","DC23BD756A4E597DBA9E40E149F43553B23178E1DB552FCA27C77984B86A2B3E"
"项目清理终端记录.txt","项目记录\项目整理与归档","项目记录\项目整理与归档\原始分件\项目清理终端记录.txt","18474","DBB187DFA191BA4B60E4ACAE19791ABA04099F670E2251F9A53479514B288519"
"项目资料归档终端记录.txt","项目记录\项目整理与归档","项目记录\项目整理与归档\原始分件\项目资料归档终端记录.txt","32496","B285B885747B2911D5FC973336BDB22BE5FE99395C5C28030FE914D99205A40A"
"技术指南去提交过程_20260929.txt","项目记录\指南维护与构建","项目记录\指南维护与构建\原始分件\技术指南去提交过程_20260929.txt","55482","ED0FB73A15EF4E6FE06BAA60EF0150A0D4A158FE6E37723BA2E16DDA6A494277"
"续攻-指南修订终端记录.txt","项目记录\指南维护与构建","项目记录\指南维护与构建\原始分件\续攻-指南修订终端记录.txt","4028","AEC4E8324C116CC2E8C4F72012307939B2BCC24399982226F2B9C95E2B3C938A"
"玄机刷题指南_合并源_重构前_20260929.md","项目记录\指南维护与构建","项目记录\指南维护与构建\原始分件\玄机刷题指南_合并源_重构前_20260929.md","181240","DEA7309BEB6ECBFEDE4B1E41A20363BAD462C3FDE355F9301C1F3BC6AB8FA9D8"
"指南按题目类型重构_终端记录_20260929.txt","项目记录\指南维护与构建","项目记录\指南维护与构建\原始分件\指南按题目类型重构_终端记录_20260929.txt","171851","CC37B9D4526644AD4CEF48C572A9B406E8F5A159140BF68B57AF4B8BC40C21BC"
"指南更新构建_20260929.txt","项目记录\指南维护与构建","项目记录\指南维护与构建\原始分件\指南更新构建_20260929.txt","2825","D9702F1D1242DE3B5DC662D271CF1AE26FF0EB0742649B1D1CD50D54D25221C4"
"指南视觉复核修订构建_20260929.txt","项目记录\指南维护与构建","项目记录\指南维护与构建\原始分件\指南视觉复核修订构建_20260929.txt","1593","B186AEDF2CE2C0EDA57F9C17D15BD0BBC8B4A68F9164D8707B3B54DAC798E32E"
"指南PDF更新构建_20260929.txt","项目记录\指南维护与构建","项目记录\指南维护与构建\原始分件\指南PDF更新构建_20260929.txt","1596","8D444C12E8C1F72A590C9A747230673324E3B529A0A2F1444F97DDA13A404880"
"指南WP章节盘点_20260929.txt","项目记录\指南维护与构建","项目记录\指南维护与构建\原始分件\指南WP章节盘点_20260929.txt","11912","C159AAC5609F2BEF109983278873804F9EB45D8BE5DF1891518D7B196FBE0717"
