"Source","ProjectCopy","SHA256","Action"
"班次邮戳附件.zip","题目资料\原始下载附件\班次邮戳附件.zip","651F3AD412CED6FDF09D664BE51FA19FC016C60641CE2FBEFC71F8F249382CAB","copied"
"被入侵的数据库.zip","题目资料\原始下载附件\被入侵的数据库.zip","B4AEEED35FA4BEBFAF07A57418ADE000B40557CF526BE70AEE9E4C4C0D80939E","copied"
"附件.zip","labs\platform\attachments\296-pwn-ezpwn.zip","FF4C0D75AF198996A67A3ABA90351FD4042949D99B31B6EA2846BBE3BA42C640","identical copy already in project"
"即随本心.zip","题目资料\原始下载附件\即随本心.zip","42970559976D203681A666531B00BCB9DEE61E3C3BAF8B1100120CDA3CD3CAAB","copied"
"可疑流量分析附件.zip","题目资料\原始下载附件\可疑流量分析附件.zip","1DA68FF7021F1A3294C2D6BFEC355564A2DBF5BCC96C33451D9D9422AE1B5AFA","copied"
"联号回执附件.zip","labs\platform\attachments\587-linked-receipts.zip","986CB14C6EE777339F29F8406B73943C093DE07B76E1EE35810B651D35CD02FF","identical copy already in project"
"题目附件.zip","labs\platform\attachments\573-cifar10.zip","9B3BE7234E7369BB89E1F36D49D3EE562B04AEABA4FF6C40C56B7BC128BDF05B","identical copy already in project"
"外泄流量取证附件.zip","labs\platform\attachments\581-network-forensics.zip","CBF1DDC1890E9A52552CCC1071D4310E40B1B58F01D5AB38FBBA0A0206929140","identical copy already in project"
"五格电文附件.zip","labs\platform\attachments\586-five-grid.zip","A6F281CE48857C914F6AA5E717189311E01991A10AE25CB29A14FBDB0F875F68","identical copy already in project"
"像素囚笼附件.zip","labs\platform\attachments\583-pixel-cage.zip","91ADAF6FBB46D68BF5192AFDD802078C1F46A9F1EDD60D1EEC50D3D84CDF203E","identical copy already in project"
"闸机票根附件.zip","labs\platform\attachments\589-gate-ticket.zip","637B9EDBFBC409B717751D900154B6A137017A5E74A7C5826652A5FCAE58EDF0","identical copy already in project"
"attachments.zip","题目资料\原始下载附件\attachments.zip","33298161377449297E9B96230960511CF4732C9F50815941D643902AC948B339","copied"
"crazyaes-20240524094418-p72tac5.zip","题目资料\原始下载附件\crazyaes-20240524094418-p72tac5.zip","73A995ED5992DD4E31C16CB008B8EAE945286E1A2F8F63175AA2F36993DAB5D5","copied"
"digital_key_trace.sqlite.zip","题目资料\新题批次\DigitalKey_UWB_520\digital_key_trace.sqlite.zip","9CF7B9FD309CE62947F0136AE2E55147EF3CB9C82AC889BBB61D674EAADD73A6","identical copy already in project"
"easyre.zip","题目资料\OpenHarmony_easyre_560\easyre_platform_20260929.zip","7401DF22E0BEEA48C439938B622931414F3EC89D383B5AA4CD72E138C42805EA","deduplicated; canonical copy retained in question folder"
"encrypted_flag.zip","题目资料\原始下载附件\encrypted_flag.zip","0C563421AE63279233377EEEDFAA34DD85DEFA23A663C46CF1F9DC18FFB0F834","copied"
"ezBase-20250521104055-dq14shk.rar","题目资料\ezBase_541\附件_平台原件\ezBase_platform_20260929.rar","0A7420F1D2D832474AD09EA55825900AF75EBA30DEA46DFB63F9A1AD17F0AF18","deduplicated; canonical copy retained in question folder"
"EzFlag_248f149404428676e6aa45e6312d069c.zip","labs\platform\attachments\367-ezflag\EzFlag.zip","6D75C39BF4AF49D2C609844C7A754DEA3251D5D67039E128706B6541964F58FC","identical copy already in project"
"game_flag.exe","题目资料\新题批次\PaluMaze_551\game_flag.exe","319DE70C476CC7C2761A57D88B83A5529D06CFD0A909D0EC48EC9CD588F82556","identical copy already in project"
"game_flag (1).exe","题目资料\新题批次\PaluMaze_551\game_flag.exe","319DE70C476CC7C2761A57D88B83A5529D06CFD0A909D0EC48EC9CD588F82556","identical copy already in project"
"go_for_it.zip","题目资料\原始下载附件\go_for_it.zip","68B5FED390B6DEF2E3095AF77DA6DD3047128E91AD77A87BEDE19065878AFB4A","copied"
"hookme.rar","题目资料\原始下载附件\hookme.rar","1DC981B273CB80A32863B9A89A09CFA82B731F6D4BC8E37D72C445DEB29E993F","copied"
"mqtt.zip","题目资料\WSL平台归档\pwn-lab\platform\mqtt.zip","DD0E862D33CE025FB56E60515E8B39B02FF11CF382149CD2FA2AA64D38D53A06","identical copy already in project"
"note.zip","题目资料\原始下载附件\note.zip","E9C657065D4AEB1E128C90A2E5A6A42ACA03DB75D7493DABDBE12CA5A6938AD9","copied"
"PaluArray_flag.zip","题目资料\PaluArray_546\originals\PaluArray_flag.zip","106CF19A6967105AEA4ACAEAA3B10E8DB169293E3057C9109845D324FF85779A","deduplicated; canonical copy retained in question folder"
"Poisoned+Samples附件.zip","labs\platform\attachments\591-poisoned-samples.zip","FBA0CE8E25F620AF659EBE7051A4FC0D4A3F271FF1BEAC3351A2C0164AE83A7F","identical copy already in project"
"Prompt+Trace附件.zip","题目资料\原始下载附件\Prompt+Trace附件.zip","93DEAA4BA1FB60DCE3550F447F6035FBC029478F51EDA61D611FFFE27FCD3CDD","copied"
"qgd.zip","labs\platform\attachments\557-qgd.zip","58E431863B858A26A7491457B5F30B54262D7859B525AB21E30D393CD64CECF7","identical copy already in project"
"rainbow.zip","题目资料\原始下载附件\rainbow.zip","D8D5AA578D7AD1856A9CD2EA375B8D68399BCDF92E40791915EE22C762B9F852","copied"
"ROP2.zip","题目资料\WSL平台归档\pwn-lab\platform\krop2.zip","3EC658480DEAC2914BD2F11588B97037DCA9829C556F407413BA49C9DCF53206","identical copy already in project"
"secret.zip","题目资料\OpenHarmony_secret_561\secret_platform_20260929.zip","77177B600FEA6DA73C41935763ED555047F15CB7F17B7A707550BBD9E633080F","deduplicated; canonical copy retained in question folder"
"spring.zip","题目资料\原始下载附件\spring.zip","0B55AE0DBCA33E366EA2E7A2AB04837D67CE669C3A1A7FDD81FB5586FDE24058","copied"
"Sql注入的应急排查.zip","题目资料\原始下载附件\Sql注入的应急排查.zip","62E3BCFC987E7461B111EE8E5E91409AB830FF286D50DA31DB34DA48E94DA79E","copied"
"tradre.zip","题目资料\原始下载附件\tradre.zip","71BE666F73FF9214BEF7211C8F413FED628B9AB42ABD10EE1E2F8AB9D1995FB0","copied"
"Veiled+Shell附件.zip","题目资料\原始下载附件\Veiled+Shell附件.zip","402954C3AFE63A36482472141CEE24BDCE40C935F58AEE6F2986131C9523D23E","copied"
"Victory_Melody.zip","题目资料\原始下载附件\Victory_Melody.zip","4556D1E81570878B8AB4A86A01B034D9C523B411059AB47419BFC01E43C2102B","copied"
"VM555.exe","题目资料\Victory_Melody_555\Victory_Melody.exe","9909D359461E16E1CA1D55521A187302799C781C718BE3B6613E5A8FB2D3D87B","identical copy already in project"
"abs.zip","题目资料\WSL平台归档\pwn-lab\platform\abs.zip","6E64874876C33B22E82A2EF4C014036AACAA3662DB61B08E714989E9D9C3B91D","identical copy already in project"
"babyRe.zip","题目资料\原始下载附件\babyRe.zip","DD4BA411EA15DF78CC7BEE2959090FAC9081D824FB41FE452EF02FC6B7B034F9","copied"
"babyrsa.zip","题目资料\原始下载附件\babyrsa.zip","ECDA4109A4DFA064C7F9CE6BED03777A760EC99BC934131D5F7ECD739A0295E0","copied"
"arkt.zip","题目资料\OpenHarmony_arkt_559\附件\arkt_platform_20260929.zip","81D7F3225DC36345A968A2F498E00AAD570C08B8DCAD89E13405BD3195A4263B","deduplicated; canonical copy retained in question folder"
"你知道Base么-20250521104202-am92t17.rar","题目资料\原始下载附件\你知道Base么-20250521104202-am92t17.rar","3FEC5E1930230660DCABDF0F31F4D97F8BB980D67306242D48A4377B74590801","copied"
"checker.zip","题目资料\原始下载附件\checker.zip","598E457DCDFFCB89F4A1B5CF56133E1D8A194E737B8C25C6C0EA722854426D36","copied"
