relative_path,size_bytes,sha256
secret_platform_20260929.zip,1170497,77177B600FEA6DA73C41935763ED555047F15CB7F17B7A707550BBD9E633080F
secret.hap,3252706,743EB75674EB2BBF8696D5414FD9E122236022E49FB2C30D19A1D24D76D07720
附件_20260929/secret.hap,3252706,743EB75674EB2BBF8696D5414FD9E122236022E49FB2C30D19A1D24D76D07720
hap_contents/.pages.info,376,D07D904C77C1CE22B2F7204DDCFC3EB7B53016475312AA611AA3F0C04E7A3EC0
hap_contents/ets/modules.abc,334752,114534191129BB84CF11E3B1021D8E4F3A85E34C72DE34464D48A1BA8237FE83
hap_contents/ets/sourceMaps.map,59374,FACEE7394F35D6DEC4014718EB26B045C1B019B5D4324938807949AC1A8B4622
hap_contents/libs/arm64-v8a/libc++_shared.so,1262056,67E1B2669A2BC35560BC8DD2048B48653BFF7C19A58AC6E60B4BA0CA39991703
hap_contents/libs/arm64-v8a/libsecret.so,60088,41F4EEDA3FDB86E16683BDC6DDD954EBA2202B4E65065065CDC82968841C710E
hap_contents/libs/x86_64/libc++_shared.so,1294520,CD5B8D84D7E870F5F87AD7B814F99545056C9EB23E1F42492EEFD72A02DE8809
hap_contents/libs/x86_64/libsecret.so,61384,388EC90B343F5C74E70F2ECB5F83098F9C3A09F23B6222F59F33F2587967627A
hap_contents/module.json,1517,E38108C2F2AE5BDE200065E4946CB92EADE92490742900BFBF9D43A6C637BFFE
hap_contents/pack.info,619,25AB1CE587BE6DB8194D9CF77C67FECD7ED1B96B365B7CCAB239DF9203919F2E
hap_contents/pkgContextInfo.json,747,2BC60FB720EB9E87661D20ED9A5A7EF190DDD276468E8CBA05F29FF41588FF18
hap_contents/resources/base/media/background.png,70283,BBB9D4C7EB053E882D1BAE819B24A5D8E2C8F466A45D83C3A84DC1D37BE6CDD7
hap_contents/resources/base/media/foreground.png,9325,9C43C083D3BA8621108B73027FCB70FC74D0A68BC0E01430E80F647B8B783B60
hap_contents/resources/base/media/ic_back.png,3355,63CEEEEF6A3EFFB8F0C25786EC857F1B3A7F40BCAA0B14FD6AFB72488F706134
hap_contents/resources/base/media/icon.png,6790,53CE1F45F81705A84F05AA0D6956A64180D1FD6984A79B7A784F3931A311BD6F
hap_contents/resources/base/media/layered_image.json,81,BAFB39AB0834F3F2617265AA6E9601A2B2873364B8AFFC894BF1D3CC5C9A48CE
hap_contents/resources/base/media/startIcon.png,20093,567C7C0C7A321CA180E010AD880F0F7519F6D351AC2B9665E2EE710E7CFE7778
hap_contents/resources/base/profile/backup_config.json,29,05CBFFF8A8B8A6FC5480A052ECA238097D3456C16071D61FEA74E2455666C611
hap_contents/resources/base/profile/main_pages.json,63,2E3E81E68D3CA9E0DAF507FEBD9D125820201D1FB19337A63F495BEF96BA7CDB
hap_contents/resources/rawfile/enc,60352,2BA36E4DEECE0D74EF13765352AF25F9063BE11BDEC3C582206FBAD6556BDFCC
hap_contents/resources.index,4336,C86F71012FCA59DE7C733BD5720B6FB45DEDA36CD05F03A2023254658CFEB7C5
